Agent,Mean Reward,Std Reward,Training Time
A2C,463.11,125.13935392193777,1650.7725331783295
DQN,314.23,65.64797864367189,978.0998921394348
