Agent,Mean Reward,Std Reward,Training Time
A2C,2.7,1.1874342087037917,11956.752879142761
DQN,2.8,1.6,18674.43623638153
