Agent,Mean Reward,Std Reward,Training Time
A2C,11.726094849999997,154.8805675403968,1875.391452074051
DQN,143.10589571000003,141.38580392596097,1160.9550058841705
